"words","sentiment","n"
"abnormal","negative",1
"abruptly","negative",1
"absence","negative",2
"absurd","negative",1
"abundance","positive",1
"abuse","negative",1
"abusive","negative",1
"abysmal","negative",2
"abysmally","negative",1
"accessible","positive",2
"accomplishment","positive",1
"accurate","positive",10
"accuse","negative",2
"accusing","negative",2
"ache","negative",4
"achievement","positive",5
"achievements","positive",3
"adamant","negative",1
"adequate","positive",9
"admirable","positive",1
"admire","positive",1
"admiring","positive",1
"advanced","positive",5
"advantage","positive",5
"adverse","negative",6
"advocate","positive",4
"advocates","positive",1
"affirm","positive",2
"affirmation","positive",12
"affluent","positive",1
"afford","positive",20
"affordable","positive",9
"afraid","negative",8
"aggressive","negative",12
"alarming","negative",11
"allegation","negative",2
"amazed","positive",2
"amazing","positive",14
"amazingly","positive",1
"ambush","negative",1
"ample","positive",1
"anger","negative",1
"angry","negative",2
"anxiety","negative",16
"anxious","negative",1
"apathy","negative",3
"appeal","positive",38
"appealing","positive",2
"applaud","positive",4
"appreciable","positive",4
"appreciated","positive",9
"approval","positive",26
"approve","positive",2
"arbitrary","negative",1
"arrogance","negative",3
"arrogant","negative",1
"ashamed","negative",3
"assault","negative",3
"assurance","positive",2
"assure","positive",9
"astonishing","positive",1
"atrocities","negative",3
"attack","negative",17
"attacks","negative",2
"attentive","positive",1
"attractive","positive",2
"audaciously","negative",1
"authentic","positive",16
"autocratic","negative",6
"award","positive",3
"awarded","positive",1
"awards","positive",2
"awesome","positive",8
"awful","negative",2
"backbone","positive",4
"backward","negative",4
"bad","negative",39
"badly","negative",1
"baffled","negative",1
"bane","negative",1
"bankrupt","negative",2
"barbaric","negative",1
"barren","negative",1
"baseless","negative",2
"bashing","negative",2
"beautiful","positive",7
"beauty","positive",1
"beg","negative",2
"begging","negative",2
"believable","positive",1
"beloved","positive",5
"bemused","negative",1
"beneficial","positive",4
"beneficiary","positive",1
"benefit","positive",16
"benefits","positive",7
"berserk","negative",1
"beware","negative",1
"bewildered","negative",1
"bias","negative",3
"biased","negative",2
"biases","negative",2
"bigotry","negative",2
"bitter","negative",2
"bizarre","negative",2
"blame","negative",27
"blatant","negative",1
"blatantly","negative",2
"bleak","negative",1
"bleeding","negative",3
"bless","positive",12
"blessing","positive",1
"blind","negative",3
"bliss","positive",2
"blockage","negative",1
"bloody","negative",3
"blow","negative",5
"blunder","negative",1
"blunt","negative",1
"boil","negative",1
"bomb","negative",2
"bonkers","negative",1
"boom","positive",4
"booming","positive",1
"boost","positive",7
"bored","negative",4
"boring","negative",2
"bother","negative",3
"bothered","negative",2
"boycott","negative",6
"brainless","negative",1
"bravado","negative",1
"brave","positive",2
"bravery","positive",1
"bravo","positive",2
"breach","negative",1
"break","negative",56
"breakdown","negative",3
"breaking","negative",66
"breaks","negative",13
"breakup","negative",2
"bright","positive",1
"brilliant","positive",6
"brilliantly","positive",1
"broke","negative",1
"broken","negative",3
"brutal","negative",6
"brutality","negative",12
"brute","negative",1
"bs","negative",3
"bug","negative",1
"bullshit","negative",5
"bumpy","negative",1
"bungling","negative",1
"burden","negative",14
"burn","negative",4
"burned","negative",1
"burning","negative",3
"bust","negative",1
"callous","negative",1
"calm","positive",37
"cancer","negative",5
"cancerous","negative",1
"capability","positive",8
"capable","positive",9
"careless","negative",3
"carelessness","negative",1
"caricature","negative",1
"casualty","negative",9
"catastrophe","negative",5
"catastrophic","negative",6
"cautionary","negative",1
"celebrate","positive",2
"celebrated","positive",1
"celebration","positive",1
"challenging","negative",7
"champion","positive",1
"chaos","negative",7
"chaotic","negative",1
"charitable","positive",2
"cheap","negative",11
"cheaper","positive",3
"cheapest","positive",5
"cheat","negative",3
"cheated","negative",2
"cheer","positive",3
"childish","negative",1
"chronic","negative",4
"clarity","positive",2
"classy","positive",1
"clean","positive",11
"cleanest","positive",1
"cleanliness","positive",4
"cleared","positive",1
"clever","positive",2
"clique","negative",1
"cloud","negative",1
"clueless","negative",4
"cold","negative",7
"collapse","negative",2
"comfort","positive",1
"commendable","positive",13
"commitment","positive",12
"compassion","positive",5
"compatible","positive",2
"complacent","negative",2
"complain","negative",4
"complained","negative",3
"complaining","negative",4
"complains","negative",1
"complaint","negative",5
"complex","negative",2
"compliant","positive",2
"complication","negative",5
"comprehensive","positive",24
"concern","negative",31
"concerned","negative",17
"concerns","negative",21
"concessions","negative",1
"condemn","negative",1
"confidence","positive",6
"confident","positive",5
"conflict","negative",7
"conflicting","negative",1
"confront","negative",1
"confused","negative",3
"confusing","negative",1
"confusion","negative",6
"congestion","negative",1
"congratulate","positive",2
"congratulation","positive",1
"congratulations","positive",7
"consistent","positive",1
"conspiracy","negative",3
"constructive","positive",7
"contagious","negative",3
"contaminated","negative",1
"contamination","negative",4
"continuity","positive",4
"contradict","negative",1
"contradiction","negative",1
"contribution","positive",39
"controversial","negative",1
"convenience","positive",1
"convenient","positive",1
"cool","positive",3
"correct","positive",20
"correctly","positive",1
"corrupt","negative",6
"corrupted","negative",2
"corruption","negative",4
"courage","positive",2
"courageous","positive",2
"cowardly","negative",3
"cramped","negative",1
"crap","negative",1
"crazy","negative",5
"creative","positive",6
"credence","positive",1
"credible","positive",1
"crime","negative",41
"criminal","negative",6
"cripple","negative",1
"crippled","negative",3
"crisis","negative",175
"critical","negative",78
"criticize","negative",1
"criticized","negative",1
"critics","negative",1
"crooks","negative",1
"crowded","negative",7
"crude","negative",1
"cruel","negative",10
"cruelty","negative",1
"crush","negative",1
"crushed","negative",1
"crushing","negative",1
"cry","negative",5
"culprit","negative",1
"cure","positive",60
"curse","negative",3
"cute","positive",2
"damage","negative",9
"damages","negative",3
"damn","negative",3
"damnation","negative",1
"danger","negative",15
"dangerous","negative",38
"darling","positive",1
"dastardly","negative",1
"dawn","positive",2
"dead","negative",52
"deadlock","negative",1
"deadly","negative",41
"dearth","negative",1
"death","negative",421
"debt","negative",5
"decay","negative",1
"decent","positive",1
"deceptively","negative",2
"decisive","positive",8
"decline","negative",3
"declines","negative",1
"declining","negative",2
"decrepit","negative",1
"dedicated","positive",47
"defame","negative",1
"defeat","positive",39
"defeated","positive",3
"defeating","positive",1
"defeats","positive",1
"defender","positive",1
"delay","negative",45
"delayed","negative",11
"delaying","negative",1
"delays","negative",1
"delicious","positive",4
"deluge","negative",3
"demean","negative",1
"demise","negative",1
"demon","negative",1
"denial","negative",4
"denied","negative",10
"denies","negative",3
"dense","negative",5
"deny","negative",3
"denying","negative",5
"dependable","positive",1
"depressed","negative",1
"depression","negative",9
"deprive","negative",1
"desert","negative",1
"despair","negative",2
"desperate","negative",8
"desperately","negative",3
"desperation","negative",1
"despicable","negative",1
"despicably","negative",1
"destiny","positive",1
"destitute","negative",1
"destroy","negative",16
"destruction","negative",2
"deteriorating","negative",1
"deterioration","negative",1
"deterrent","negative",1
"devastating","negative",4
"devastation","negative",2
"devil","negative",3
"devoid","negative",1
"dictator","negative",2
"die","negative",46
"died","negative",54
"dies","negative",61
"difficult","negative",44
"difficulties","negative",7
"difficulty","negative",2
"dilapidated","negative",1
"din","negative",5
"diplomatic","positive",3
"dire","negative",4
"dirt","negative",1
"dirty","negative",7
"disabled","negative",2
"disadvantage","negative",2
"disadvantaged","negative",2
"disadvantages","negative",1
"disappointed","negative",5
"disarray","negative",1
"disaster","negative",24
"disasterous","negative",1
"disastrous","negative",5
"discontinued","negative",1
"discriminate","negative",1
"discrimination","negative",8
"discriminatory","negative",1
"disgrace","negative",2
"disgusted","negative",1
"disgusting","negative",3
"disheartening","negative",5
"dishonest","negative",1
"disorder","negative",2
"displaced","negative",1
"disputed","negative",2
"disregard","negative",2
"disrespect","negative",2
"disrupt","negative",2
"disruption","negative",7
"dissent","negative",1
"distinction","positive",1
"distress","negative",4
"disturbance","negative",3
"disturbed","negative",1
"disturbing","negative",2
"dominates","positive",1
"doom","negative",1
"doomed","negative",2
"doomsday","negative",1
"doubt","negative",10
"doubtful","negative",3
"doubts","negative",1
"downfall","negative",1
"downgrade","negative",1
"downhill","negative",1
"downturn","negative",2
"draconian","negative",4
"dragged","negative",38
"drains","negative",1
"drastic","negative",3
"drastically","negative",2
"drawback","negative",1
"dread","negative",1
"dreadful","negative",1
"drones","negative",4
"dropout","negative",1
"dull","negative",1
"dumb","negative",1
"dump","negative",1
"dust","negative",2
"dwindling","negative",1
"dying","negative",11
"dynamic","positive",1
"earnestly","positive",3
"ease","positive",15
"eases","positive",2
"easier","positive",4
"easiest","positive",2
"easing","positive",3
"easy","positive",24
"economical","positive",2
"educated","positive",9
"effective","positive",31
"effectively","positive",17
"effectiveness","positive",3
"efficient","positive",3
"efficiently","positive",6
"elegantly","positive",1
"elimination","negative",2
"elite","positive",1
"embarrassingly","negative",1
"emergency","negative",168
"empathy","positive",2
"empower","positive",1
"encourage","positive",16
"encouragement","positive",1
"encouraging","positive",7
"endanger","negative",1
"endorsement","positive",2
"enemies","negative",4
"enemy","negative",7
"energetic","positive",3
"engaging","positive",1
"enhance","positive",3
"enhancement","positive",1
"enjoy","positive",7
"enjoying","positive",1
"enlighten","positive",1
"entertain","positive",2
"enthuse","positive",1
"enthusiasm","positive",1
"epidemic","negative",72
"equitable","positive",1
"erroneous","negative",1
"error","negative",2
"erudite","positive",1
"evil","negative",5
"evils","negative",1
"exceed","positive",2
"exceeding","positive",1
"excellent","positive",12
"exceptional","positive",1
"excited","positive",2
"exciting","positive",1
"excuse","negative",6
"excuses","negative",3
"exemplary","positive",3
"exhaust","negative",1
"exorbitant","negative",5
"expensive","negative",1
"expired","negative",1
"explode","negative",6
"exploit","negative",3
"explosive","negative",1
"extinguish","negative",1
"extortion","negative",1
"extraordinary","positive",11
"fabulous","positive",1
"facilitate","positive",6
"fail","negative",6
"failed","negative",12
"failing","negative",47
"fails","negative",2
"failure","negative",8
"failures","negative",2
"fair","positive",12
"faith","positive",13
"fake","negative",24
"fall","negative",11
"fallen","negative",2
"falling","negative",1
"fallout","negative",3
"falls","negative",2
"false","negative",12
"falsely","negative",1
"fame","positive",1
"famed","positive",2
"famine","negative",1
"famous","positive",10
"fans","positive",2
"fantastic","positive",5
"fascinating","positive",1
"fascism","negative",1
"fascist","negative",4
"fast","positive",49
"faster","positive",8
"fastest","positive",1
"fat","negative",1
"fatal","negative",6
"fault","negative",1
"favorable","positive",2
"favorite","positive",1
"favour","positive",6
"fear","negative",47
"fearful","negative",3
"fearlessly","positive",1
"fears","negative",6
"feasible","positive",2
"fell","negative",1
"ferocity","negative",1
"fever","negative",24
"filth","negative",1
"filthy","negative",1
"fine","positive",10
"flaking","negative",1
"flatter","positive",1
"flawed","negative",1
"flexibility","positive",1
"flourish","positive",2
"flout","negative",2
"fool","negative",4
"foolish","negative",2
"foolproof","positive",1
"forbid","negative",4
"forbidden","negative",2
"foremost","positive",1
"foresight","positive",1
"fortunate","positive",2
"fortune","positive",2
"fragile","negative",5
"freak","negative",5
"freaking","negative",2
"free","positive",137
"freed","positive",1
"freedom","positive",8
"freedoms","positive",1
"fresh","positive",6
"friendly","positive",2
"frost","negative",1
"frugal","positive",1
"fruitful","positive",3
"frustrate","negative",1
"ftw","positive",1
"fuck","negative",4
"fucking","negative",6
"fun","positive",12
"funky","negative",1
"funny","negative",9
"gain","positive",5
"gaining","positive",1
"gallantly","positive",1
"garbage","negative",3
"geezer","negative",1
"gem","positive",2
"generous","positive",2
"generously","positive",4
"genocide","negative",4
"gentle","positive",3
"genuine","positive",3
"ghastly","negative",1
"glad","positive",5
"gloom","negative",1
"gold","positive",9
"golden","positive",3
"goodness","positive",2
"goodwill","positive",1
"gossip","negative",5
"grace","positive",7
"gracefully","positive",1
"grand","positive",3
"grateful","positive",4
"gratitude","positive",4
"greatness","positive",1
"greedy","negative",2
"grievance","negative",1
"grim","negative",3
"gripe","negative",1
"grossly","negative",1
"guidance","positive",14
"guilty","negative",1
"hack","negative",2
"handy","positive",2
"hang","negative",1
"hapless","negative",1
"happier","positive",1
"happily","positive",1
"happiness","positive",2
"happy","positive",28
"harass","negative",1
"harassed","negative",2
"harassment","negative",6
"hard","negative",55
"hardships","negative",6
"harm","negative",6
"harmful","negative",3
"harried","negative",1
"harsh","negative",5
"harshly","negative",1
"hassles","negative",1
"hate","negative",4
"hated","negative",1
"hater","negative",1
"haters","negative",1
"hatred","negative",4
"haunt","negative",5
"haunting","negative",1
"havoc","negative",6
"hazard","negative",1
"hazardous","negative",1
"headache","negative",4
"heal","positive",3
"healthy","positive",32
"heartbreaking","negative",4
"heartening","positive",1
"heartfelt","positive",2
"heck","negative",2
"hectic","negative",1
"hedge","negative",2
"hefty","negative",1
"hegemony","negative",1
"hell","negative",10
"helped","positive",10
"helpful","positive",21
"helping","positive",132
"helpless","negative",4
"hero","positive",1
"heroine","positive",2
"hinder","negative",1
"hoard","negative",1
"hoax","negative",1
"holy","positive",4
"homage","positive",1
"honest","positive",4
"honesty","positive",1
"honor","positive",1
"honorable","positive",18
"honored","positive",1
"horrible","negative",5
"horrific","negative",2
"hot","positive",8
"hug","positive",1
"hum","negative",7
"humble","positive",36
"humid","negative",2
"humiliate","negative",2
"humiliating","negative",1
"humiliation","negative",1
"humor","positive",2
"humour","positive",3
"hurt","negative",4
"hurting","negative",1
"hype","negative",2
"hypocrisy","negative",2
"hypocrite","negative",1
"ideal","positive",6
"idiot","negative",6
"idiots","negative",8
"idle","negative",9
"ignorance","negative",4
"ignorant","negative",2
"ignore","negative",11
"illegal","negative",3
"illegally","negative",4
"illiterate","negative",4
"illness","negative",89
"illogical","negative",1
"immaterial","negative",1
"immature","negative",1
"immense","positive",3
"impending","negative",2
"impose","negative",20
"imposing","negative",4
"imposition","negative",3
"impossible","negative",11
"impoverished","negative",1
"impressed","positive",3
"impressive","positive",3
"improve","positive",12
"improved","positive",2
"improvement","positive",3
"improving","positive",2
"inability","negative",3
"inaccurate","negative",1
"inaction","negative",2
"inadequate","negative",5
"incapable","negative",2
"incite","negative",1
"incompetence","negative",2
"incompetent","negative",2
"inconvenience","negative",62
"incorrect","negative",3
"incredible","positive",3
"incredibly","positive",3
"inequalities","negative",1
"inequality","negative",1
"inevitable","negative",2
"infected","negative",156
"infection","negative",58
"infections","negative",40
"inferior","negative",1
"infest","negative",1
"infested","negative",2
"inflict","negative",2
"infuriated","negative",1
"ingenuity","positive",1
"inhibit","negative",1
"inhuman","negative",3
"inhumane","negative",5
"injury","negative",1
"innovation","positive",10
"innovative","positive",7
"insane","negative",1
"insanely","negative",1
"insecurity","negative",3
"insensitive","negative",3
"insightful","positive",4
"insinuate","negative",1
"inspiration","positive",7
"inspirational","positive",1
"inspire","positive",1
"inspiring","positive",7
"instrumental","positive",1
"insufficient","negative",2
"insular","negative",1
"insult","negative",1
"insulted","negative",1
"integral","positive",1
"intelligence","positive",7
"intense","negative",1
"interfere","negative",1
"interference","negative",1
"intimidation","negative",1
"intolerance","negative",1
"intriguing","positive",3
"invalid","negative",2
"invasive","negative",1
"ironic","negative",2
"irony","negative",2
"irreparable","negative",1
"irresponsible","negative",16
"irreversible","negative",1
"isolate","negative",20
"isolated","negative",12
"isolation","negative",130
"issue","negative",68
"issues","negative",45
"jabber","negative",1
"jam","negative",2
"jealous","negative",3
"jealousy","negative",1
"jobless","negative",11
"joke","negative",10
"jolt","negative",1
"joy","positive",1
"joyful","positive",1
"kill","negative",36
"killed","negative",18
"killer","negative",3
"killing","negative",9
"kills","negative",14
"kindly","positive",129
"kindness","positive",2
"knock","negative",3
"kudos","positive",8
"lack","negative",20
"lackeys","negative",1
"lacking","negative",1
"lacks","negative",1
"lag","negative",4
"lagging","negative",2
"lame","negative",2
"lapse","negative",2
"laudable","positive",1
"lawful","positive",1
"layoff","negative",1
"lead","positive",104
"leading","positive",39
"leads","positive",7
"led","positive",9
"legendary","positive",1
"lemon","negative",2
"lethal","negative",2
"leverage","positive",1
"liable","negative",1
"liar","negative",2
"liars","negative",1
"liberty","positive",1
"lies","negative",8
"lighter","positive",1
"likes","positive",2
"limit","negative",11
"limitation","negative",5
"limitations","negative",1
"limited","negative",22
"limits","negative",3
"logical","positive",3
"lonely","negative",1
"loophole","negative",1
"loopholes","negative",1
"loose","negative",6
"loot","negative",1
"lose","negative",8
"loser","negative",1
"losers","negative",1
"loses","negative",2
"losing","negative",7
"loss","negative",22
"losses","negative",15
"lost","negative",40
"loud","negative",1
"louder","negative",1
"love","positive",26
"loved","positive",9
"lovely","positive",2
"loves","positive",2
"loyal","positive",3
"loyalty","positive",2
"lucid","positive",1
"luck","positive",2
"lucky","positive",3
"lucrative","positive",1
"lurch","negative",1
"luxury","positive",3
"lying","negative",4
"mad","negative",3
"magic","positive",1
"magnificently","positive",1
"majesty","positive",1
"malicious","negative",2
"malign","negative",1
"manipulation","negative",1
"mar","negative",68
"marginal","negative",1
"marvellous","positive",1
"master","positive",4
"masters","positive",6
"meaningful","positive",1
"measly","negative",1
"meltdown","negative",1
"menace","negative",8
"menacing","negative",1
"mercilessly","negative",1
"mercy","positive",6
"merit","positive",1
"mess","negative",2
"messed","negative",1
"messing","negative",3
"mighty","positive",1
"mindless","negative",1
"mindlessly","negative",1
"miracle","positive",7
"miraculously","positive",1
"misbehavior","negative",1
"miserable","negative",1
"miserably","negative",4
"misery","negative",8
"misguided","negative",1
"mislead","negative",3
"misleading","negative",3
"miss","negative",3
"missed","negative",6
"misses","negative",1
"mistake","negative",4
"mistakes","negative",8
"misunderstand","negative",1
"misunderstanding","negative",1
"misuse","negative",3
"mock","negative",4
"mocked","negative",1
"mocking","negative",2
"modern","positive",2
"monster","negative",2
"moot","negative",1
"morality","positive",1
"morbid","negative",1
"moron","negative",1
"morons","negative",6
"motivated","positive",1
"murderer","negative",3
"mysteriously","negative",1
"mystery","negative",1
"naively","negative",1
"neat","positive",1
"needy","negative",24
"nefarious","negative",2
"negative","negative",21
"negatives","negative",1
"negativity","negative",1
"neglect","negative",3
"negligence","negative",6
"nervously","negative",1
"nice","positive",11
"nicely","positive",1
"nifty","positive",6
"nightmare","negative",7
"noble","positive",2
"noise","negative",1
"nonsense","negative",5
"noteworthy","positive",1
"nuisance","negative",1
"objection","negative",1
"obscenely","negative",1
"odd","negative",7
"offence","negative",1
"onslaught","negative",2
"openly","positive",4
"opportunistic","negative",1
"oppose","negative",1
"opposition","negative",8
"oppression","negative",1
"optimism","positive",1
"outbreak","negative",331
"outburst","negative",1
"outbursts","negative",1
"outrage","negative",1
"outrageous","negative",1
"outsmart","positive",1
"outstanding","positive",1
"overlook","negative",1
"overtake","positive",1
"overwhelm","negative",1
"overwhelmed","negative",3
"overwhelming","negative",1
"overwhelmingly","negative",1
"pain","negative",8
"painful","negative",1
"pamper","positive",1
"pan","negative",36
"pandemonium","negative",1
"panic","negative",64
"panicked","negative",2
"panicking","negative",1
"paralyzed","negative",6
"parasite","negative",1
"passive","negative",4
"pathetic","negative",6
"patience","positive",2
"patriot","positive",1
"patriotic","positive",2
"payback","negative",1
"peace","positive",12
"peaceful","positive",1
"peacefully","positive",3
"penalty","negative",1
"perfect","positive",6
"perfectly","positive",2
"perish","negative",1
"persecution","negative",2
"personalized","positive",1
"pessimistic","negative",2
"pest","negative",1
"petty","negative",3
"phenomenal","positive",1
"pity","negative",1
"plague","negative",3
"plea","negative",6
"pleased","positive",1
"pleasing","positive",1
"pleasure","positive",1
"plight","negative",2
"plot","negative",1
"poetic","positive",1
"poisonous","negative",1
"polite","positive",1
"poor","negative",205
"poorer","negative",2
"poorest","negative",16
"poorly","negative",2
"popular","positive",5
"portable","positive",1
"positively","positive",2
"positives","positive",7
"poverty","negative",7
"powerful","positive",11
"praise","positive",2
"praiseworthy","positive",1
"praising","positive",6
"precious","positive",3
"predicament","negative",1
"prefer","positive",1
"prejudice","negative",4
"premier","positive",3
"pretty","positive",6
"prick","negative",1
"pride","positive",5
"primitive","negative",1
"prison","negative",1
"privilege","positive",4
"privileged","positive",3
"prize","positive",4
"proactive","positive",7
"problematic","negative",1
"progress","positive",5
"progressive","positive",1
"prohibit","negative",4
"prominent","positive",3
"promise","positive",2
"promised","positive",2
"promises","positive",2
"promising","positive",6
"prompt","positive",4
"promptly","positive",1
"propaganda","negative",7
"proper","positive",39
"properly","positive",16
"prosecute","negative",1
"protect","positive",89
"protection","positive",68
"protective","positive",38
"protest","negative",3
"protesting","negative",1
"protests","negative",4
"proud","positive",49
"proven","positive",5
"proves","positive",2
"proving","positive",1
"prudent","positive",3
"punish","negative",19
"punishable","negative",1
"puppet","negative",1
"pure","positive",7
"purposeful","positive",1
"quack","negative",2
"qualified","positive",3
"queer","negative",2
"quicker","positive",2
"quiet","positive",2
"racism","negative",4
"racist","negative",2
"racists","negative",1
"radical","negative",3
"radicals","negative",1
"rage","negative",2
"raging","negative",2
"rail","negative",1
"rampant","negative",1
"randomly","negative",1
"rant","negative",1
"rape","negative",3
"rapid","positive",21
"readable","positive",1
"readily","positive",2
"ready","positive",63
"realistic","positive",4
"reasonable","positive",1
"recession","negative",6
"recommend","positive",3
"recommendation","positive",2
"recommendations","positive",4
"recommended","positive",7
"recover","positive",14
"recovery","positive",29
"rectify","positive",1
"redeeming","positive",1
"reform","positive",2
"reforms","positive",2
"refund","positive",34
"refunded","positive",1
"refuse","negative",2
"refused","negative",7
"refuses","negative",2
"refutes","negative",1
"regard","positive",10
"regret","negative",32
"regretted","negative",3
"rejected","negative",1
"rejects","negative",2
"relentless","negative",1
"relentlessly","negative",2
"reliable","positive",3
"relief","positive",191
"reluctant","negative",2
"remarkable","positive",3
"remedy","positive",2
"repression","negative",1
"repulsive","negative",1
"resilient","positive",1
"respect","positive",30
"respectable","positive",3
"respectful","positive",1
"respectfully","positive",1
"respite","positive",1
"responsibly","positive",1
"responsive","positive",6
"restored","positive",13
"restrict","negative",4
"restricted","negative",6
"restriction","negative",6
"restrictive","negative",1
"retreat","negative",1
"revengeful","negative",1
"revert","negative",22
"revival","positive",1
"reward","positive",1
"rich","positive",18
"ridicule","negative",2
"righteous","positive",2
"rightly","positive",2
"rigid","negative",1
"rip","negative",1
"risk","negative",67
"risks","negative",2
"risky","negative",1
"robust","positive",10
"rogue","negative",2
"rotten","negative",3
"rough","negative",2
"rubbish","negative",2
"ruin","negative",1
"ruined","negative",1
"rumor","negative",1
"rumors","negative",5
"rumours","negative",15
"sabotage","negative",1
"sack","negative",1
"sad","negative",12
"sadly","negative",6
"safe","positive",328
"safely","positive",12
"saint","positive",2
"salute","positive",39
"sane","positive",1
"sarcasm","negative",1
"satisfactorily","positive",1
"satisfy","positive",1
"satisfying","positive",1
"saver","positive",1
"savior","positive",92
"scam","negative",4
"scams","negative",1
"scare","negative",19
"scared","negative",10
"scary","negative",8
"scramble","negative",1
"scrambles","negative",1
"scrambling","negative",1
"scream","negative",1
"scum","negative",1
"seamless","positive",7
"secure","positive",4
"selective","positive",3
"selfish","negative",6
"sensational","positive",1
"senseless","negative",1
"sensitive","positive",2
"serene","positive",1
"seriousness","negative",17
"sever","negative",1
"severe","negative",26
"severity","negative",6
"shake","negative",3
"shaky","negative",1
"shallow","negative",1
"shame","negative",35
"shameful","negative",1
"shameless","negative",7
"shamelessly","negative",1
"sharp","positive",3
"shine","positive",3
"shit","negative",12
"shock","negative",6
"shocked","negative",2
"shocking","negative",9
"shortage","negative",25
"sick","negative",16
"siege","negative",1
"significant","positive",2
"silent","positive",20
"silly","negative",5
"sin","negative",4
"sincere","positive",6
"sincerely","positive",7
"sinful","negative",1
"sinking","negative",1
"skilled","positive",3
"slack","negative",1
"slap","negative",1
"slaves","negative",1
"slick","positive",1
"slow","negative",23
"slower","negative",1
"slowest","negative",1
"slowly","negative",9
"smart","positive",9
"smartly","positive",1
"smash","negative",1
"smell","negative",1
"smile","positive",2
"smiles","positive",2
"smiling","positive",1
"smoke","negative",2
"smooth","positive",2
"sob","negative",1
"soft","positive",2
"solid","positive",2
"solidarity","positive",24
"soulful","positive",3
"soundly","positive",1
"spacious","positive",1
"spade","negative",2
"spectacularly","positive",1
"speedy","positive",5
"spiritual","positive",8
"spite","negative",4
"split","negative",3
"spoil","negative",1
"spooky","negative",1
"sporadic","negative",1
"stability","positive",2
"stabilize","positive",1
"stable","positive",2
"stain","negative",3
"stainless","positive",1
"stall","negative",1
"standstill","negative",6
"stark","negative",2
"starkly","negative",1
"starvation","negative",11
"starve","negative",6
"static","negative",3
"staunch","positive",1
"steady","positive",4
"stern","negative",1
"stigma","negative",6
"stingy","negative",1
"stinks","negative",1
"stolen","negative",2
"stooges","negative",1
"strain","negative",13
"strange","negative",3
"strangely","negative",1
"strangle","negative",1
"strenuous","negative",1
"stress","negative",11
"stressful","negative",1
"strict","negative",22
"strictly","negative",21
"strident","negative",1
"strife","negative",1
"strike","negative",3
"striking","positive",1
"stringent","negative",3
"strong","positive",34
"stronger","positive",11
"struck","negative",3
"struggle","negative",10
"struggled","negative",1
"struggles","negative",4
"struggling","negative",18
"stubborn","negative",1
"stubbornness","negative",1
"stuck","negative",41
"stumble","negative",3
"stupid","negative",9
"stupidity","negative",5
"stupor","negative",1
"subjected","negative",1
"subordinate","negative",1
"subservient","negative",1
"subsidized","positive",1
"succeed","positive",3
"succeeds","positive",1
"success","positive",18
"successes","positive",1
"successful","positive",12
"successfully","positive",15
"succumb","negative",2
"suck","negative",3
"sue","negative",2
"suffer","negative",26
"suffered","negative",5
"sufferer","negative",1
"sufferers","negative",1
"suffering","negative",45
"suffers","negative",2
"sufficient","positive",9
"suicide","negative",6
"suitable","positive",2
"sumptuous","positive",1
"super","positive",14
"superb","positive",1
"superior","positive",1
"superiority","positive",1
"superstition","negative",1
"superstitious","negative",2
"support","positive",230
"supported","positive",12
"supporter","positive",1
"supporting","positive",20
"supportive","positive",5
"supports","positive",9
"suppress","negative",5
"suppression","negative",1
"supremacy","positive",1
"supreme","positive",10
"surpass","positive",5
"survival","positive",5
"survivor","positive",2
"suspect","negative",6
"suspicious","negative",1
"sustainability","positive",1
"sustainable","positive",1
"sweeping","positive",2
"sweet","positive",3
"swelling","negative",1
"swift","positive",1
"swipe","negative",1
"swollen","negative",1
"symptom","negative",3
"symptoms","negative",54
"syndrome","negative",2
"talent","positive",2
"talented","positive",1
"tank","negative",3
"tanks","negative",1
"taunt","negative",1
"tempting","positive",1
"tense","negative",2
"tension","negative",4
"terrible","negative",3
"terrific","positive",1
"terror","negative",8
"terrorism","negative",13
"thankful","positive",8
"threat","negative",72
"threatening","negative",4
"threats","negative",1
"thrive","positive",1
"timely","positive",13
"togetherness","positive",1
"toll","negative",322
"top","positive",94
"tops","positive",3
"torture","negative",3
"tough","positive",34
"touted","negative",30
"toxic","negative",1
"traction","positive",1
"tragedy","negative",2
"tragic","negative",3
"traitor","negative",1
"transparent","positive",2
"trap","negative",2
"trapped","negative",1
"trash","negative",1
"trauma","negative",1
"tremendously","positive",2
"trick","negative",1
"tricky","negative",2
"trophy","positive",1
"trouble","negative",9
"troubled","negative",3
"troubles","negative",2
"troublesome","negative",1
"troubling","negative",3
"trump","positive",89
"trust","positive",20
"trusted","positive",2
"tumbles","negative",2
"twisted","negative",1
"twists","negative",1
"ugly","negative",5
"unable","negative",26
"unaffordable","negative",1
"unauthentic","negative",1
"unavailable","negative",1
"unbelievable","negative",3
"unbelievably","negative",1
"uncertain","negative",3
"unclear","negative",1
"unconstitutional","negative",1
"uncouth","negative",1
"underestimate","negative",1
"undermine","negative",4
"undermining","negative",1
"understandable","positive",1
"undue","negative",1
"unemployed","negative",4
"unethical","negative",1
"unexplained","negative",1
"unfaithful","negative",8
"unfortunate","negative",3
"unfriendly","negative",1
"unhappy","negative",1
"unhealthy","negative",2
"unimaginable","negative",1
"uninformed","negative",1
"unity","positive",6
"unknown","negative",36
"unleash","negative",1
"unlimited","positive",1
"unnecessary","negative",3
"unorthodox","negative",1
"unparalleled","positive",1
"unprepared","negative",3
"unproven","negative",1
"unrest","negative",2
"unrestricted","positive",1
"unsafe","negative",2
"untested","negative",2
"unthinkable","negative",1
"untouched","negative",3
"unusual","negative",2
"unusually","negative",1
"unwanted","negative",1
"unwarranted","negative",1
"unwavering","positive",1
"urgent","negative",24
"useless","negative",1
"vague","negative",1
"vain","negative",1
"valor","positive",1
"valuable","positive",6
"vengeance","negative",2
"vent","negative",1
"vibrant","positive",1
"vice","negative",1
"vicious","negative",3
"victorious","positive",4
"victory","positive",5
"vigilant","positive",1
"violate","negative",1
"violation","negative",6
"violators","negative",8
"violent","negative",2
"violently","negative",1
"virtue","positive",2
"virulence","negative",2
"virulent","negative",4
"virus","negative",741
"visionary","positive",2
"vulnerable","negative",31
"warm","positive",3
"warned","negative",3
"warning","negative",10
"waste","negative",21
"wasted","negative",3
"wasteful","negative",1
"wasting","negative",2
"weak","negative",5
"weaken","negative",1
"weaker","negative",3
"wealthy","positive",1
"weed","negative",2
"wellbeing","positive",3
"whine","negative",1
"wild","negative",3
"wildly","negative",1
"willingly","positive",5
"win","positive",102
"winner","positive",5
"winners","positive",1
"winning","positive",3
"wins","positive",7
"wisdom","positive",3
"wise","positive",87
"wisely","positive",4
"woefully","negative",1
"won","positive",16
"wonderful","positive",6
"wonders","positive",2
"workable","positive",1
"worried","negative",18
"worrisome","negative",3
"worry","negative",16
"worrying","negative",4
"worryingly","negative",14
"worse","negative",33
"worsen","negative",2
"worsening","negative",2
"worst","negative",50
"worth","positive",30
"worthy","positive",2
"wow","positive",10
"wrath","negative",1
"wrinkles","negative",1
"wrong","negative",31
"wrongly","negative",1
"zap","negative",1
"zeal","positive",1
